{
  "components" : [ {
    "type" : "table",
    "id" : "table-IIO1T",
    "name" : "Table",
    "settings" : {
      "type" : "table",
      "queryId" : "query-JT8D7",
      "fields" : [ {
        "id" : "table-IIO1T|79HQZ",
        "name" : "EventTime",
        "expression" : "${EventTime}",
        "sort" : {
          "order" : 0,
          "direction" : "ASCENDING"
        },
        "format" : {
          "type" : "DATE_TIME"
        },
        "width" : 200,
        "visible" : true,
        "special" : false
      }, {
        "id" : "table-IIO1T|UBIQ5",
        "name" : "Command",
        "expression" : "${Command}",
        "format" : {
          "type" : "GENERAL"
        },
        "width" : 376,
        "visible" : true,
        "special" : false
      }, {
        "id" : "table-IIO1T|TKUQ3",
        "name" : "Description",
        "expression" : "${Description}",
        "format" : {
          "type" : "GENERAL"
        },
        "width" : 892,
        "visible" : true,
        "special" : false
      }, {
        "id" : "table-IIO1T|AHLTY",
        "name" : "Linked Events",
        "expression" : "dashboard('Show','19f1b1d9-35e5-4ebb-99c9-6e1c1083785b','expressionJson=' + replace(${LinkedEventExpression},'¬','&#34;'))",
        "width" : 200,
        "visible" : true,
        "special" : false
      }, {
        "id" : "table-IIO1T|475YK",
        "name" : "EventId",
        "expression" : "${EventId}",
        "format" : {
          "type" : "NUMBER"
        },
        "width" : 200,
        "visible" : true,
        "special" : false
      }, {
        "id" : "table-IIO1T|BF8SL",
        "name" : "StreamId",
        "expression" : "${StreamId}",
        "format" : {
          "type" : "NUMBER"
        },
        "width" : 200,
        "visible" : true,
        "special" : false
      }, {
        "id" : "StreamId",
        "name" : "StreamId",
        "expression" : "${StreamId}",
        "width" : 200,
        "visible" : false,
        "special" : true
      }, {
        "id" : "EventId",
        "name" : "EventId",
        "expression" : "${EventId}",
        "width" : 200,
        "visible" : false,
        "special" : true
      } ],
      "extractionPipeline" : {
        "type" : "Pipeline",
        "uuid" : "6844cb05-4d58-490e-986e-9b9a9ac6be14",
        "name" : "Detections Index Search Extraction"
      },
      "maxResults" : [ 1000000 ]
    }
  }, {
    "type" : "query",
    "id" : "query-JT8D7",
    "name" : "Query",
    "settings" : {
      "type" : "query",
      "dataSource" : {
        "type" : "Index",
        "uuid" : "bbdb8e0b-abcd-44a5-b854-97b651813aa0",
        "name" : "Detections Index"
      },
      "expression" : {
        "type" : "operator",
        "op" : "AND",
        "children" : [ {
          "type" : "term",
          "field" : "EventTime",
          "condition" : "GREATER_THAN",
          "value" : "2018-01-01T00:00:00.000Z",
          "enabled" : true
        } ],
        "enabled" : true
      },
      "automate" : {
        "open" : false,
        "refresh" : false
      }
    }
  }, {
    "type" : "text",
    "id" : "text-R49ZH",
    "name" : "Selected Detection",
    "settings" : {
      "type" : "text",
      "tableId" : "table-IIO1T",
      "streamIdField" : {
        "id" : "table-IIO1T|BF8SL",
        "name" : "StreamId",
        "expression" : "${StreamId}",
        "format" : {
          "type" : "NUMBER"
        },
        "width" : 200,
        "visible" : true,
        "special" : false
      },
      "recordNoField" : {
        "id" : "table-IIO1T|475YK",
        "name" : "EventId",
        "expression" : "${EventId}",
        "format" : {
          "type" : "NUMBER"
        },
        "width" : 200,
        "visible" : true,
        "special" : false
      },
      "pipeline" : {
        "type" : "Pipeline",
        "uuid" : "4786ecd4-cdf7-4959-815a-dbb1f9c7fcb1",
        "name" : "Example Detection display"
      },
      "showAsHtml" : true,
      "showStepping" : false
    }
  } ],
  "layout" : {
    "type" : "splitLayout",
    "preferredSize" : {
      "width" : 0,
      "height" : 0
    },
    "dimension" : 1,
    "children" : [ {
      "type" : "tabLayout",
      "preferredSize" : {
        "width" : 0,
        "height" : 94
      },
      "tabs" : [ {
        "id" : "query-JT8D7",
        "visible" : true
      } ],
      "selected" : 0
    }, {
      "type" : "tabLayout",
      "preferredSize" : {
        "width" : 0,
        "height" : 358
      },
      "tabs" : [ {
        "id" : "table-IIO1T",
        "visible" : true
      } ],
      "selected" : 0
    }, {
      "type" : "tabLayout",
      "preferredSize" : {
        "width" : 0,
        "height" : 701
      },
      "tabs" : [ {
        "id" : "text-R49ZH",
        "visible" : true
      } ],
      "selected" : 0
    } ]
  },
  "tabVisibility" : "SHOW_ALL"
}