{
  "components" : [ {
    "type" : "table",
    "id" : "table-IIO1T",
    "name" : "Table",
    "settings" : {
      "type" : "table",
      "queryId" : "query-JT8D7",
      "fields" : [ {
        "name" : "EventTime",
        "expression" : "floorDay(${EventTime})",
        "sort" : {
          "order" : 0,
          "direction" : "ASCENDING"
        },
        "format" : {
          "type" : "DATE_TIME",
          "settings" : {
            "type" : "date",
            "pattern" : "EEEE dd/MM/yyyy",
            "timeZone" : {
              "use" : "UTC",
              "id" : "Europe/London"
            },
            "default" : false
          }
        },
        "group" : 0,
        "width" : 181,
        "visible" : true
      }, {
        "name" : "Number of Users",
        "expression" : "countUnique(${UserId})",
        "group" : 0,
        "width" : 200,
        "visible" : true
      }, {
        "name" : "StreamId",
        "expression" : "${StreamId}",
        "width" : 200,
        "visible" : false
      }, {
        "name" : "EventId",
        "expression" : "${EventId}",
        "width" : 200,
        "visible" : false
      } ],
      "extractionPipeline" : {
        "type" : "Pipeline",
        "uuid" : "2b7243ad-d588-48da-ba3a-4e4659caea80",
        "name" : "Sample Index Search Extraction"
      },
      "maxResults" : [ 1000000 ]
    }
  }, {
    "type" : "query",
    "id" : "query-JT8D7",
    "name" : "Query",
    "settings" : {
      "type" : "query",
      "dataSource" : {
        "type" : "Index",
        "uuid" : "32dfd401-ee11-49b9-84c9-88c3d3f68dc2",
        "name" : "Sample Index"
      },
      "expression" : {
        "type" : "operator",
        "op" : "AND",
        "children" : [ {
          "type" : "term",
          "field" : "EventTime",
          "condition" : "GREATER_THAN",
          "value" : "2019-11-01T00:00:00.000Z",
          "enabled" : true
        } ],
        "enabled" : true
      },
      "automate" : {
        "open" : false,
        "refresh" : false,
        "refreshInterval" : "10s"
      }
    }
  } ],
  "layout" : {
    "type" : "splitLayout",
    "preferredSize" : {
      "width" : 200,
      "height" : 200
    },
    "dimension" : 1,
    "children" : [ {
      "type" : "tabLayout",
      "preferredSize" : {
        "width" : 200,
        "height" : 121
      },
      "tabs" : [ {
        "id" : "query-JT8D7"
      } ],
      "selected" : 0
    }, {
      "type" : "tabLayout",
      "preferredSize" : {
        "width" : 200,
        "height" : 925
      },
      "tabs" : [ {
        "id" : "table-IIO1T"
      } ],
      "selected" : 0
    } ]
  },
  "tabVisibility" : "SHOW_ALL"
}