{
  "components" : [ {
    "type" : "table",
    "id" : "table-IIO1T",
    "name" : "Table",
    "settings" : {
      "type" : "table",
      "queryId" : "query-JT8D7",
      "fields" : [ {
        "id" : "table-IIO1T|BNVKU",
        "name" : "EventTime",
        "expression" : "floorDay(${EventTime})",
        "sort" : {
          "order" : 0
        },
        "format" : {
          "type" : "DATE_TIME",
          "settings" : {
            "type" : "date",
            "pattern" : "EEEE dd/MM/yyyy",
            "timeZone" : {
              "use" : "UTC",
              "id" : "Europe/London"
            },
            "default" : false
          }
        },
        "group" : 0,
        "width" : 181
      }, {
        "id" : "table-IIO1T|R7HMU",
        "name" : "Number of Users",
        "expression" : "countUnique(${UserId})",
        "group" : 0
      }, {
        "id" : "StreamId",
        "name" : "StreamId",
        "expression" : "${StreamId}",
        "visible" : false,
        "special" : true
      }, {
        "id" : "EventId",
        "name" : "EventId",
        "expression" : "${EventId}",
        "visible" : false,
        "special" : true
      } ],
      "extractionPipeline" : {
        "type" : "Pipeline",
        "uuid" : "2b7243ad-d588-48da-ba3a-4e4659caea80",
        "name" : "Sample Index Search Extraction"
      }
    }
  }, {
    "type" : "query",
    "id" : "query-JT8D7",
    "name" : "Query",
    "settings" : {
      "type" : "query",
      "dataSource" : {
        "type" : "Index",
        "uuid" : "5b41ebbf-b53e-41e6-a4e5-e5a220d8fd69",
        "name" : "Sample Index"
      },
      "expression" : {
        "type" : "operator",
        "children" : [ {
          "type" : "term",
          "field" : "EventTime",
          "condition" : "GREATER_THAN",
          "value" : "2019-11-01T00:00:00.000Z"
        } ]
      },
      "automate" : { }
    }
  } ],
  "layout" : {
    "type" : "splitLayout",
    "preferredSize" : { },
    "dimension" : 1,
    "children" : [ {
      "type" : "tabLayout",
      "preferredSize" : {
        "height" : 121
      },
      "tabs" : [ {
        "id" : "query-JT8D7"
      } ],
      "selected" : 0,
      "visibleTabCount" : 1,
      "allTabCount" : 1
    }, {
      "type" : "tabLayout",
      "preferredSize" : {
        "height" : 925
      },
      "tabs" : [ {
        "id" : "table-IIO1T"
      } ],
      "selected" : 0,
      "visibleTabCount" : 1,
      "allTabCount" : 1
    } ]
  }
}
