<?xml version="1.1" encoding="UTF-8"?>
<pipeline>
   <properties>
      <add>
         <property>
            <element>xsltFilter</element>
            <name>xslt</name>
            <value>
               <entity>
                  <type>XSLT</type>
                  <uuid>53c27540-30f2-46e7-9d24-9a8db087ea61</uuid>
                  <name>Sample Index</name>
               </entity>
            </value>
         </property>
         <property>
            <element>indexingFilter</element>
            <name>index</name>
            <value>
               <entity>
                  <type>Index</type>
                  <uuid>5b41ebbf-b53e-41e6-a4e5-e5a220d8fd69</uuid>
                  <name>Sample Index - Again</name>
               </entity>
            </value>
         </property>
      </add>
   </properties>
</pipeline>
