<?xml version="1.1" encoding="UTF-8"?>
<pipeline>
   <elements>
      <add>
         <element>
            <id>readRecordCountFilter</id>
            <type>RecordCountFilter</type>
         </element>
         <element>
            <id>splitFilter</id>
            <type>SplitFilter</type>
         </element>
         <element>
            <id>idEnrichmentFilter</id>
            <type>IdEnrichmentFilter</type>
         </element>
         <element>
            <id>xsltFilter</id>
            <type>XSLTFilter</type>
         </element>
         <element>
            <id>indexingFilter</id>
            <type>IndexingFilter</type>
         </element>
         <element>
            <id>writeRecordCountFilter</id>
            <type>RecordCountFilter</type>
         </element>
         <element>
            <id>xmlParser</id>
            <type>XMLParser</type>
         </element>
      </add>
   </elements>
   <properties>
      <add>
         <property>
            <element>readRecordCountFilter</element>
            <name>countRead</name>
            <value>
               <boolean>true</boolean>
            </value>
         </property>
         <property>
            <element>splitFilter</element>
            <name>splitDepth</name>
            <value>
               <integer>1</integer>
            </value>
         </property>
         <property>
            <element>splitFilter</element>
            <name>splitCount</name>
            <value>
               <integer>100</integer>
            </value>
         </property>
         <property>
            <element>writeRecordCountFilter</element>
            <name>countRead</name>
            <value>
               <boolean>false</boolean>
            </value>
         </property>
      </add>
   </properties>
   <links>
      <add>
         <link>
            <from>readRecordCountFilter</from>
            <to>splitFilter</to>
         </link>
         <link>
            <from>splitFilter</from>
            <to>idEnrichmentFilter</to>
         </link>
         <link>
            <from>idEnrichmentFilter</from>
            <to>xsltFilter</to>
         </link>
         <link>
            <from>xsltFilter</from>
            <to>indexingFilter</to>
         </link>
         <link>
            <from>indexingFilter</from>
            <to>writeRecordCountFilter</to>
         </link>
         <link>
            <from>xmlParser</from>
            <to>readRecordCountFilter</to>
         </link>
      </add>
   </links>
</pipeline>
