<?xml version="1.1" encoding="UTF-8"?>
<pipeline>
   <elements>
      <add>
         <element>
            <id>splitFilter</id>
            <type>SplitFilter</type>
         </element>
         <element>
            <id>xsltFilter</id>
            <type>XSLTFilter</type>
         </element>
         <element>
            <id>statisticsFilter</id>
            <type>StatisticsFilter</type>
         </element>
         <element>
            <id>xmlParser</id>
            <type>XMLParser</type>
         </element>
      </add>
   </elements>
   <links>
      <add>
         <link>
            <from>splitFilter</from>
            <to>xsltFilter</to>
         </link>
         <link>
            <from>xsltFilter</from>
            <to>statisticsFilter</to>
         </link>
         <link>
            <from>xmlParser</from>
            <to>splitFilter</to>
         </link>
      </add>
   </links>
</pipeline>
