<?xml version="1.1" encoding="UTF-8"?>
<pipeline>
   <elements>
      <add>
         <element>
            <id>Source</id>
            <type>Source</type>
         </element>
         <element>
            <id>xmlParser</id>
            <type>XMLParser</type>
         </element>
         <element>
            <id>createHTML</id>
            <type>XSLTFilter</type>
         </element>
         <element>
            <id>xmlWriter</id>
            <type>XMLWriter</type>
         </element>
         <element>
            <id>splitFilter</id>
            <type>SplitFilter</type>
         </element>
         <element>
            <id>idEnrichmentFilter</id>
            <type>IdEnrichmentFilter</type>
         </element>
      </add>
   </elements>
   <properties>
      <add>
         <property>
            <element>createHTML</element>
            <name>xslt</name>
            <value>
               <entity>
                  <type>XSLT</type>
                  <uuid>8caed362-be2e-4a72-93bf-1f28219e6dab</uuid>
                  <name>Detection Details Display</name>
               </entity>
            </value>
         </property>
      </add>
   </properties>
   <links>
      <add>
         <link>
            <from>Source</from>
            <to>xmlParser</to>
         </link>
         <link>
            <from>xmlParser</from>
            <to>splitFilter</to>
         </link>
         <link>
            <from>createHTML</from>
            <to>xmlWriter</to>
         </link>
         <link>
            <from>splitFilter</from>
            <to>idEnrichmentFilter</to>
         </link>
         <link>
            <from>idEnrichmentFilter</from>
            <to>createHTML</to>
         </link>
      </add>
   </links>
</pipeline>
