<?xml version="1.1" encoding="UTF-8"?>
<pipeline>
   <elements>
      <add>
         <element>
            <id>Source</id>
            <type>Source</type>
         </element>
         <element>
            <id>csvParser</id>
            <type>CombinedParser</type>
         </element>
         <element>
            <id>splitFilter</id>
            <type>SplitFilter</type>
         </element>
         <element>
            <id>readRecordCountFilter</id>
            <type>RecordCountFilter</type>
         </element>
         <element>
            <id>createAnnotationXML</id>
            <type>XSLTFilter</type>
         </element>
         <element>
            <id>outputRecordCountFilter</id>
            <type>RecordCountFilter</type>
         </element>
         <element>
            <id>annotationWriter</id>
            <type>AnnotationWriter</type>
         </element>
      </add>
   </elements>
   <properties>
      <add>
         <property>
            <element>csvParser</element>
            <name>textConverter</name>
            <value>
               <entity>
                  <type>TextConverter</type>
                  <uuid>1a92552a-153c-4291-bac3-c78d1db82797</uuid>
                  <name>CSV splitter no header</name>
               </entity>
            </value>
         </property>
         <property>
            <element>createAnnotationXML</element>
            <name>xslt</name>
            <value>
               <entity>
                  <type>XSLT</type>
                  <uuid>05271837-fe8f-420c-b6c4-c9333896f1e4</uuid>
                  <name>SAMPLE-ALERTS</name>
               </entity>
            </value>
         </property>
         <property>
            <element>outputRecordCountFilter</element>
            <name>countRead</name>
            <value>
               <boolean>false</boolean>
            </value>
         </property>
      </add>
   </properties>
   <links>
      <add>
         <link>
            <from>Source</from>
            <to>csvParser</to>
         </link>
         <link>
            <from>csvParser</from>
            <to>readRecordCountFilter</to>
         </link>
         <link>
            <from>readRecordCountFilter</from>
            <to>splitFilter</to>
         </link>
         <link>
            <from>splitFilter</from>
            <to>createAnnotationXML</to>
         </link>
         <link>
            <from>createAnnotationXML</from>
            <to>outputRecordCountFilter</to>
         </link>
         <link>
            <from>outputRecordCountFilter</from>
            <to>annotationWriter</to>
         </link>
      </add>
   </links>
</pipeline>
