<?xml version="1.1" encoding="UTF-8"?>
<pipeline>
   <properties>
      <add>
         <property>
            <element>dsParser</element>
            <name>textConverter</name>
            <value>
               <entity>
                  <type>TextConverter</type>
                  <uuid>1a92552a-153c-4291-bac3-c78d1db82797</uuid>
                  <name>CSV splitter no header</name>
               </entity>
            </value>
         </property>
         <property>
            <element>translationFilter</element>
            <name>xslt</name>
            <value>
               <entity>
                  <type>XSLT</type>
                  <uuid>f7c9fe5a-5b69-47a8-9751-a4bafefaa28a</uuid>
                  <name>DEMO-EVENTS</name>
               </entity>
            </value>
         </property>
      </add>
   </properties>
</pipeline>
