<?xml version="1.1" encoding="UTF-8"?>
<pipeline>
   <elements>
      <add>
         <element>
            <id>Source</id>
            <type>Source</type>
         </element>
         <element>
            <id>combinedParser</id>
            <type>CombinedParser</type>
         </element>
         <element>
            <id>toKafkaRecord</id>
            <type>XSLTFilter</type>
         </element>
         <element>
            <id>schemaFilter</id>
            <type>SchemaFilter</type>
         </element>
         <element>
            <id>splitFilter</id>
            <type>SplitFilter</type>
         </element>
         <element>
            <id>idEnrichmentFilter</id>
            <type>IdEnrichmentFilter</type>
         </element>
         <element>
            <id>standardKafkaProducer</id>
            <type>StandardKafkaProducer</type>
         </element>
      </add>
   </elements>
   <properties>
      <add>
         <property>
            <element>toKafkaRecord</element>
            <name>xslt</name>
            <value>
               <entity>
                  <type>XSLT</type>
                  <uuid>c737089e-dbd4-40cc-b266-a46306fc5348</uuid>
                  <name>Events to Kafka</name>
               </entity>
            </value>
         </property>
         <property>
            <element>schemaFilter</element>
            <name>schemaGroup</name>
            <value>
               <string>KAFKA_RECORDS</string>
            </value>
         </property>
         <property>
            <element>standardKafkaProducer</element>
            <name>kafkaConfig</name>
            <value>
               <entity>
                  <type>KafkaConfig</type>
                  <uuid>f4652d23-9aa4-4a68-8114-694ec3ee478e</uuid>
                  <name>Producer1</name>
               </entity>
            </value>
         </property>
      </add>
   </properties>
   <links>
      <add>
         <link>
            <from>Source</from>
            <to>combinedParser</to>
         </link>
         <link>
            <from>combinedParser</from>
            <to>splitFilter</to>
         </link>
         <link>
            <from>splitFilter</from>
            <to>idEnrichmentFilter</to>
         </link>
         <link>
            <from>idEnrichmentFilter</from>
            <to>toKafkaRecord</to>
         </link>
         <link>
            <from>toKafkaRecord</from>
            <to>schemaFilter</to>
         </link>
         <link>
            <from>schemaFilter</from>
            <to>standardKafkaProducer</to>
         </link>
      </add>
   </links>
</pipeline>
