<?xml version="1.1" encoding="UTF-8"?>
<pipeline>
   <properties>
      <add>
         <property>
            <element>xsltFilter</element>
            <name>xslt</name>
            <value>
               <entity>
                  <type>XSLT</type>
                  <uuid>53c27540-30f2-46e7-9d24-9a8db087ea61</uuid>
                  <name>Sample Index</name>
               </entity>
            </value>
         </property>
         <property>
            <element>indexingFilter</element>
            <name>index</name>
            <value>
               <entity>
                  <type>Index</type>
                  <uuid>32dfd401-ee11-49b9-84c9-88c3d3f68dc2</uuid>
                  <name>Sample Index</name>
               </entity>
            </value>
         </property>
      </add>
   </properties>
</pipeline>
