<?xml version="1.1" encoding="UTF-8"?>
<pipeline>
   <elements>
      <add>
         <element>
            <id>Source</id>
            <type>Source</type>
         </element>
         <element>
            <id>combinedParser</id>
            <type>CombinedParser</type>
         </element>
         <element>
            <id>xsltFilter</id>
            <type>XSLTFilter</type>
         </element>
         <element>
            <id>schemaFilter</id>
            <type>SchemaFilter</type>
         </element>
         <element>
            <id>jsonWriter</id>
            <type>JSONWriter</type>
         </element>
      </add>
   </elements>
   <properties>
      <add>
         <property>
            <element>xsltFilter</element>
            <name>xslt</name>
            <value>
               <entity>
                  <type>XSLT</type>
                  <uuid>1c3d42c2-f512-423f-aa6a-050c5cad7c0f</uuid>
                  <name>Events to JSON</name>
               </entity>
            </value>
         </property>
         <property>
            <element>schemaFilter</element>
            <name>schemaGroup</name>
            <value>
               <string>JSON</string>
            </value>
         </property>
      </add>
   </properties>
   <links>
      <add>
         <link>
            <from>Source</from>
            <to>combinedParser</to>
         </link>
         <link>
            <from>combinedParser</from>
            <to>xsltFilter</to>
         </link>
         <link>
            <from>xsltFilter</from>
            <to>schemaFilter</to>
         </link>
         <link>
            <from>schemaFilter</from>
            <to>jsonWriter</to>
         </link>
      </add>
   </links>
</pipeline>
