<?xml version="1.1" encoding="UTF-8"?>
<pipeline>
   <properties>
      <add>
         <property>
            <element>toKafkaRecord</element>
            <name>xslt</name>
            <value>
               <entity>
                  <type>XSLT</type>
                  <uuid>c737089e-dbd4-40cc-b266-a46306fc5348</uuid>
                  <name>Sample Topic</name>
               </entity>
            </value>
         </property>
         <property>
            <element>standardKafkaProducer</element>
            <name>kafkaConfig</name>
            <value>
               <entity>
                  <type>KafkaConfig</type>
                  <uuid>f4652d23-9aa4-4a68-8114-694ec3ee478e</uuid>
                  <name>Sample Producer</name>
               </entity>
            </value>
         </property>
      </add>
   </properties>
</pipeline>
