{
  "components" : [ {
    "type" : "table",
    "id" : "table-IIO1T",
    "name" : "Table",
    "settings" : {
      "type" : "table",
      "queryId" : "query-JT8D7",
      "fields" : [ {
        "id" : "table-IIO1T|S1L9S",
        "name" : "annotation:CreatedOn",
        "expression" : "annotation(formatDate(${annotation:CreatedOn}), ${annotation:Id}, ${StreamId}, ${EventId})",
        "sort" : {
          "order" : 0,
          "direction" : "DESCENDING"
        },
        "format" : {
          "type" : "DATE_TIME"
        },
        "width" : 200,
        "visible" : true,
        "special" : false
      }, {
        "id" : "table-IIO1T|7L8T9",
        "name" : "annotation:Title",
        "expression" : "annotation(${annotation:Title}, ${annotation:Id}, ${StreamId}, ${EventId})",
        "format" : {
          "type" : "GENERAL"
        },
        "width" : 376,
        "visible" : true,
        "special" : false
      }, {
        "id" : "table-IIO1T|4PA9B",
        "name" : "annotation:Subject",
        "expression" : "annotation(${annotation:Subject}, ${annotation:Id}, ${StreamId}, ${EventId})",
        "format" : {
          "type" : "GENERAL"
        },
        "width" : 200,
        "visible" : true,
        "special" : false
      } ],
      "maxResults" : [ 1000000 ]
    }
  }, {
    "type" : "query",
    "id" : "query-JT8D7",
    "name" : "Query",
    "settings" : {
      "type" : "query",
      "dataSource" : {
        "type" : "Searchable",
        "uuid" : "Annotations",
        "name" : "Annotations"
      },
      "expression" : {
        "type" : "operator",
        "children" : [ {
          "type" : "term",
          "field" : "annotation:Status",
          "condition" : "EQUALS",
          "value" : "*"
        } ]
      },
      "automate" : {
        "open" : false,
        "refresh" : false
      }
    }
  } ],
  "layout" : {
    "type" : "splitLayout",
    "preferredSize" : {
      "width" : 0,
      "height" : 0
    },
    "dimension" : 1,
    "children" : [ {
      "type" : "tabLayout",
      "preferredSize" : {
        "width" : 0,
        "height" : 0
      },
      "tabs" : [ {
        "id" : "query-JT8D7",
        "visible" : true
      } ],
      "selected" : 0
    }, {
      "type" : "tabLayout",
      "preferredSize" : {
        "width" : 0,
        "height" : 0
      },
      "tabs" : [ {
        "id" : "table-IIO1T",
        "visible" : true
      } ],
      "selected" : 0
    } ]
  },
  "tabVisibility" : "SHOW_ALL"
}