{
  "components" : [ {
    "type" : "table",
    "id" : "table-IIO1T",
    "name" : "Table",
    "settings" : {
      "type" : "table",
      "queryId" : "query-JT8D7",
      "fields" : [ {
        "id" : "table-IIO1T|S1L9S",
        "name" : "annotation:CreatedOn",
        "expression" : "annotation(formatDate(${annotation:CreatedOn}), ${annotation:Id}, ${StreamId}, ${EventId})",
        "sort" : {
          "order" : 0,
          "direction" : "DESCENDING"
        },
        "format" : {
          "type" : "DATE_TIME"
        }
      }, {
        "id" : "table-IIO1T|7L8T9",
        "name" : "annotation:Title",
        "expression" : "annotation(${annotation:Title}, ${annotation:Id}, ${StreamId}, ${EventId})",
        "format" : {
          "type" : "GENERAL"
        },
        "width" : 376
      }, {
        "id" : "table-IIO1T|4PA9B",
        "name" : "annotation:Subject",
        "expression" : "annotation(${annotation:Subject}, ${annotation:Id}, ${StreamId}, ${EventId})",
        "format" : {
          "type" : "GENERAL"
        }
      } ]
    }
  }, {
    "type" : "query",
    "id" : "query-JT8D7",
    "name" : "Query",
    "settings" : {
      "type" : "query",
      "dataSource" : {
        "type" : "Searchable",
        "uuid" : "Annotations",
        "name" : "Annotations"
      },
      "expression" : {
        "type" : "operator",
        "children" : [ {
          "type" : "term",
          "field" : "annotation:Status",
          "condition" : "EQUALS",
          "value" : "*"
        } ]
      },
      "automate" : { }
    }
  } ],
  "layout" : {
    "type" : "splitLayout",
    "preferredSize" : { },
    "dimension" : 1,
    "children" : [ {
      "type" : "tabLayout",
      "preferredSize" : { },
      "tabs" : [ {
        "id" : "query-JT8D7"
      } ],
      "selected" : 0,
      "visibleTabCount" : 1,
      "allTabCount" : 1
    }, {
      "type" : "tabLayout",
      "preferredSize" : { },
      "tabs" : [ {
        "id" : "table-IIO1T"
      } ],
      "selected" : 0,
      "visibleTabCount" : 1,
      "allTabCount" : 1
    } ]
  }
}