{
  "components" : [ {
    "type" : "table",
    "id" : "table-IIO1T",
    "name" : "Table",
    "settings" : {
      "type" : "table",
      "queryId" : "query-JT8D7",
      "fields" : [ {
        "id" : "table-IIO1T|BNVKU",
        "name" : "EventTime",
        "expression" : "${EventTime}",
        "sort" : {
          "order" : 0
        },
        "format" : {
          "type" : "DATE_TIME",
          "settings" : {
            "type" : "date",
            "timeZone" : {
              "use" : "UTC",
              "id" : "Europe/London"
            }
          }
        },
        "width" : 181
      }, {
        "id" : "table-IIO1T|GXG10",
        "name" : "StreamId",
        "expression" : "${StreamId}",
        "format" : {
          "type" : "NUMBER"
        }
      }, {
        "id" : "table-IIO1T|963UP",
        "name" : "EventId",
        "expression" : "${EventId}",
        "format" : {
          "type" : "NUMBER"
        }
      }, {
        "id" : "table-IIO1T|HDG4A",
        "name" : "UserId",
        "expression" : "${UserId}",
        "format" : {
          "type" : "GENERAL"
        }
      }, {
        "id" : "table-IIO1T|SZ7DL",
        "name" : "Action",
        "expression" : "${Action}",
        "format" : {
          "type" : "GENERAL"
        }
      }, {
        "id" : "table-IIO1T|KXPWX",
        "name" : "Description",
        "expression" : "${Description}",
        "format" : {
          "type" : "GENERAL"
        }
      }, {
        "id" : "StreamId",
        "name" : "StreamId",
        "expression" : "${StreamId}",
        "visible" : false,
        "special" : true
      }, {
        "id" : "EventId",
        "name" : "EventId",
        "expression" : "${EventId}",
        "visible" : false,
        "special" : true
      } ],
      "extractionPipeline" : {
        "type" : "Pipeline",
        "uuid" : "2b7243ad-d588-48da-ba3a-4e4659caea80",
        "name" : "Sample Index Search Extraction"
      }
    }
  }, {
    "type" : "query",
    "id" : "query-JT8D7",
    "name" : "Query",
    "settings" : {
      "type" : "query",
      "dataSource" : {
        "type" : "Index",
        "uuid" : "5b41ebbf-b53e-41e6-a4e5-e5a220d8fd69",
        "name" : "Sample Index - Again"
      },
      "expression" : {
        "type" : "operator",
        "children" : [ ]
      },
      "automate" : { }
    }
  }, {
    "type" : "text",
    "id" : "text-ZUHU7",
    "name" : "Text",
    "settings" : {
      "type" : "text",
      "streamIdField" : {
        "name" : "StreamId"
      },
      "recordNoField" : {
        "name" : "EventId"
      }
    }
  } ],
  "layout" : {
    "type" : "splitLayout",
    "preferredSize" : { },
    "dimension" : 1,
    "children" : [ {
      "type" : "tabLayout",
      "preferredSize" : {
        "height" : 220
      },
      "tabs" : [ {
        "id" : "query-JT8D7"
      } ],
      "selected" : 0,
      "visibleTabCount" : 1,
      "allTabCount" : 1
    }, {
      "type" : "tabLayout",
      "preferredSize" : {
        "height" : 626
      },
      "tabs" : [ {
        "id" : "table-IIO1T"
      } ],
      "selected" : 0,
      "visibleTabCount" : 1,
      "allTabCount" : 1
    }, {
      "type" : "tabLayout",
      "preferredSize" : { },
      "tabs" : [ {
        "id" : "text-ZUHU7"
      } ],
      "selected" : 0,
      "visibleTabCount" : 1,
      "allTabCount" : 1
    } ]
  }
}