<?xml version="1.1" encoding="UTF-8"?>
<pipeline>
   <properties>
      <add>
         <property>
            <element>xsltFilter</element>
            <name>xslt</name>
            <value>
               <entity>
                  <type>XSLT</type>
                  <uuid>c1e343ac-5284-4405-9955-86c8b31c4248</uuid>
                  <name>Detections Index</name>
               </entity>
            </value>
         </property>
         <property>
            <element>indexingFilter</element>
            <name>index</name>
            <value>
               <entity>
                  <type>Index</type>
                  <uuid>bbdb8e0b-abcd-44a5-b854-97b651813aa0</uuid>
                  <name>Detections Index</name>
               </entity>
            </value>
         </property>
      </add>
   </properties>
</pipeline>
