<?xml version="1.1" encoding="UTF-8"?>
<pipeline>
   <elements>
      <add>
         <element>
            <id>Source</id>
            <type>Source</type>
         </element>
         <element>
            <id>combinedParser</id>
            <type>CombinedParser</type>
         </element>
         <element>
            <id>detect</id>
            <type>XSLTFilter</type>
         </element>
         <element>
            <id>recordCountFilter</id>
            <type>RecordCountFilter</type>
         </element>
         <element>
            <id>splitFilter</id>
            <type>SplitFilter</type>
         </element>
         <element>
            <id>outputRecordCountFilter</id>
            <type>RecordCountFilter</type>
         </element>
         <element>
            <id>schemaFilter</id>
            <type>SchemaFilter</type>
         </element>
         <element>
            <id>xmlWriter</id>
            <type>XMLWriter</type>
         </element>
         <element>
            <id>streamAppender</id>
            <type>StreamAppender</type>
         </element>
         <element>
            <id>idEnrichmentFilter</id>
            <type>IdEnrichmentFilter</type>
         </element>
      </add>
   </elements>
   <properties>
      <add>
         <property>
            <element>detect</element>
            <name>xslt</name>
            <value>
               <entity>
                  <type>XSLT</type>
                  <uuid>69f928c8-f6c8-43b1-8d76-f2d46c1701cb</uuid>
                  <name>Detect Unusual Login Times</name>
               </entity>
            </value>
         </property>
         <property>
            <element>outputRecordCountFilter</element>
            <name>countRead</name>
            <value>
               <boolean>false</boolean>
            </value>
         </property>
         <property>
            <element>schemaFilter</element>
            <name>schemaGroup</name>
            <value>
               <string>DETECTION</string>
            </value>
         </property>
         <property>
            <element>streamAppender</element>
            <name>streamType</name>
            <value>
               <string>Detections</string>
            </value>
         </property>
      </add>
   </properties>
   <links>
      <add>
         <link>
            <from>Source</from>
            <to>combinedParser</to>
         </link>
         <link>
            <from>combinedParser</from>
            <to>recordCountFilter</to>
         </link>
         <link>
            <from>recordCountFilter</from>
            <to>splitFilter</to>
         </link>
         <link>
            <from>splitFilter</from>
            <to>idEnrichmentFilter</to>
         </link>
         <link>
            <from>idEnrichmentFilter</from>
            <to>detect</to>
         </link>
         <link>
            <from>detect</from>
            <to>outputRecordCountFilter</to>
         </link>
         <link>
            <from>outputRecordCountFilter</from>
            <to>schemaFilter</to>
         </link>
         <link>
            <from>schemaFilter</from>
            <to>xmlWriter</to>
         </link>
         <link>
            <from>xmlWriter</from>
            <to>streamAppender</to>
         </link>
      </add>
   </links>
</pipeline>
